Identificador;Codigo de Lotacao;Registro a Vincular;Unidade Vinculada;Conta Vinculada
150370300;000083.000001.000005.000006.000002.000000;False;False;False
105368342;000083.000001.000005.000006.000006.000000;False;False;False
114344001;000083.000001.000005.000006.000005.000000;False;False;False
753491;000083.000001.000005.000006.000008.000000;False;False;False
110788729;000083.000000.000000.000000.000000.000015;False;False;False
