Identificador;Codigo de Lotacao;Registro a Vincular;Unidade Vinculada;Conta Vinculada
150370300;000083.000001.000005.000006.000002.000000;False;False;False
105368342;000083.000001.000005.000006.000006.000000;False;False;False
